brand,count,url
奥迪,116,/brand/130100/1685.html
阿尔法,8,/brand/130100/1761.html
阿斯顿,11,/brand/130100/1684.html
ARCFOX,0,/brand/130100/18719.html
ALPINA,1,/brand/130100/18772.html
爱驰,0,/brand/130100/19106.html
艾康尼克,0,/brand/130100/18791.html
奔驰,171,/brand/130100/1694.html
宝马,121,/brand/130100/1686.html
宝马i,3,/brand/130100/16301.html
宝骏,100,/brand/130100/15231.html
保时捷,57,/brand/130100/1693.html
别克,94,/brand/130100/1690.html
本田,129,/brand/130100/1688.html
标致,53,/brand/130100/1689.html
奔腾,46,/brand/130100/1687.html
宝沃,18,/brand/130100/18326.html
比亚迪,141,/brand/130100/1654.html
宾利,19,/brand/130100/1691.html
北京,31,/brand/130100/1679.html
北京汽车,52,/brand/130100/16890.html
北汽新能源,22,/brand/130100/17951.html
北汽制造,57,/brand/130100/10096.html
北汽昌河,50,/brand/130100/1675.html
北汽幻速,55,/brand/130100/17448.html
北汽威旺,65,/brand/130100/16329.html
北汽道达,3,/brand/130100/18878.html
北京清行,2,/brand/130100/19258.html
比速汽车,20,/brand/130100/18633.html
博郡汽车,0,/brand/130100/19543.html
拜腾,0,/brand/130100/19030.html
长城,52,/brand/130100/1653.html
长安,134,/brand/130100/1695.html
长安新能源,17,/brand/130100/19620.html
长安欧尚,80,/brand/130100/16159.html
长安轻型车,85,/brand/130100/18849.html
成功,16,/brand/130100/18057.html
长江EV,0,/brand/130100/18526.html
昶洧,0,/brand/130100/19048.html
刺猬汽车,0,/brand/130100/19245.html
DS,21,/brand/130100/16658.html
大众,258,/brand/130100/1698.html
道奇,6,/brand/130100/1699.html
东南,49,/brand/130100/1662.html
电咖,6,/brand/130100/18961.html
东风,85,/brand/130100/1700.html
东风启辰,47,/brand/130100/16019.html
东风风神,50,/brand/130100/4888.html
东风风行,103,/brand/130100/16619.html
东风风度,11,/brand/130100/18222.html
东风风光,40,/brand/130100/18490.html
东风小康,18,/brand/130100/18217.html
东风富康,2,/brand/130100/19417.html
大乘汽车,14,/brand/130100/19378.html
丰田,180,/brand/130100/1703.html
福特,124,/brand/130100/1704.html
菲亚特,8,/brand/130100/1702.html
法拉利,10,/brand/130100/1751.html
福田,87,/brand/130100/1705.html
福田乘用车,110,/brand/130100/18684.html
福迪,55,/brand/130100/1638.html
福汽启腾,15,/brand/130100/17379.html
法拉第未来,0,/brand/130100/18540.html
观致,21,/brand/130100/16744.html
广汽传祺,96,/brand/130100/3219.html
广汽新能源,12,/brand/130100/19021.html
广汽集团,4,/brand/130100/19119.html
国金汽车,3,/brand/130100/18978.html
国机智骏,0,/brand/130100/19536.html
GMC,10,/brand/130100/1765.html
哈弗,140,/brand/130100/17027.html
海马,50,/brand/130100/1639.html
红旗,22,/brand/130100/1707.html
华泰,15,/brand/130100/1651.html
华泰新能源,12,/brand/130100/18564.html
华颂,3,/brand/130100/18097.html
汉腾汽车,53,/brand/130100/18556.html
红星汽车,4,/brand/130100/19266.html
黄海,101,/brand/130100/1708.html
恒天,15,/brand/130100/16723.html
海格,10,/brand/130100/17329.html
华骐,1,/brand/130100/17070.html
合创,0,/brand/130100/19623.html
合众新能源,0,/brand/130100/19314.html
Jeep,55,/brand/130100/1710.html
吉利,158,/brand/130100/1666.html
几何,6,/brand/130100/19531.html
捷豹,41,/brand/130100/1711.html
捷达,0,/brand/130100/19477.html
捷途,46,/brand/130100/19036.html
江淮,199,/brand/130100/1648.html
奇点,0,/brand/130100/18833.html
金杯,115,/brand/130100/1712.html
君马,30,/brand/130100/18916.html
江铃,66,/brand/130100/1848.html
江铃集团轻汽,88,/brand/130100/18304.html
江铃集团新能源,15,/brand/130100/19125.html
九龙,22,/brand/130100/18037.html
金龙,34,/brand/130100/19203.html
Karma,0,/brand/130100/19552.html
凯迪拉克,31,/brand/130100/1714.html
克莱斯勒,4,/brand/130100/1716.html
凯翼,52,/brand/130100/18035.html
开瑞,29,/brand/130100/1674.html
卡威,34,/brand/130100/18319.html
LITE,3,/brand/130100/19304.html
铃木,47,/brand/130100/1723.html
路虎,34,/brand/130100/1724.html
雷诺,33,/brand/130100/1720.html
陆风,38,/brand/130100/1935.html
林肯,49,/brand/130100/1722.html
领克,40,/brand/130100/18667.html
力帆,55,/brand/130100/1649.html
理念,1,/brand/130100/3435.html
理想汽车,2,/brand/130100/19399.html
猎豹汽车,49,/brand/130100/1657.html
雷克萨斯,72,/brand/130100/1719.html
劳斯莱斯,11,/brand/130100/1718.html
兰博基尼,12,/brand/130100/1717.html
路特斯,3,/brand/130100/1721.html
零跑汽车,4,/brand/130100/19253.html
领途汽车,5,/brand/130100/19443.html
陆地方舟,5,/brand/130100/17177.html
名爵,52,/brand/130100/1725.html
MINI,41,/brand/130100/1729.html
马自达,64,/brand/130100/1726.html
迈凯伦,8,/brand/130100/16422.html
玛莎拉蒂,19,/brand/130100/1727.html
摩根,11,/brand/130100/16761.html
哪吒汽车,4,/brand/130100/19287.html
纳智捷,27,/brand/130100/16240.html
NEVS,0,/brand/130100/19318.html
讴歌,25,/brand/130100/1730.html
欧拉,7,/brand/130100/19112.html
欧联汽车,0,/brand/130100/19323.html
Polestar极星,3,/brand/130100/18982.html
起亚,107,/brand/130100/1733.html
奇瑞,113,/brand/130100/1671.html
前途,1,/brand/130100/18211.html
全球鹰,9,/brand/130100/18639.html
清源汽车,0,/brand/130100/19519.html
庆铃汽车,5,/brand/130100/19328.html
乔治,3,/brand/130100/18299.html
日产,119,/brand/130100/1734.html
荣威,78,/brand/130100/1941.html
瑞迈,16,/brand/130100/18395.html
如虎,3,/brand/130100/16913.html
smart,30,/brand/130100/1713.html
SERES,0,/brand/130100/19080.html
三菱,25,/brand/130100/1738.html
思铭,0,/brand/130100/16612.html
斯柯达,100,/brand/130100/1744.html
斯巴鲁,23,/brand/130100/1743.html
斯威汽车,37,/brand/130100/18625.html
思皓SOL,0,/brand/130100/19150.html
上汽大通,193,/brand/130100/16565.html
双龙,64,/brand/130100/1742.html
斯达泰克,2,/brand/130100/18269.html
赛麟,0,/brand/130100/18410.html
陕西通家,1,/brand/130100/19016.html
腾势,2,/brand/130100/16620.html
特斯拉,13,/brand/130100/16983.html
泰克鲁斯,0,/brand/130100/18992.html
天际汽车,1,/brand/130100/19412.html
WEY,22,/brand/130100/18681.html
五菱,50,/brand/130100/3365.html
沃尔沃,58,/brand/130100/1747.html
五十铃,35,/brand/130100/16827.html
潍柴英致,31,/brand/130100/17349.html
蔚来汽车,10,/brand/130100/18698.html
威马汽车,6,/brand/130100/18997.html
现代,139,/brand/130100/1752.html
雪佛兰,73,/brand/130100/1755.html
雪铁龙,59,/brand/130100/1756.html
新特,2,/brand/130100/19096.html
鑫源新能源,1,/brand/130100/19302.html
小鹏汽车,3,/brand/130100/19002.html
星途,6,/brand/130100/19425.html
英菲尼迪,35,/brand/130100/1758.html
驭胜,39,/brand/130100/19300.html
一汽,111,/brand/130100/1889.html
野马汽车,33,/brand/130100/1696.html
依维柯,7,/brand/130100/19006.html
裕路汽车,2,/brand/130100/18930.html
云度,7,/brand/130100/18819.html
云雀汽车,4,/brand/130100/19309.html
中华,44,/brand/130100/1759.html
众泰,165,/brand/130100/1613.html
中兴,87,/brand/130100/1617.html
之诺,2,/brand/130100/17050.html
知豆,3,/brand/130100/18243.html
正道,0,/brand/130100/18824.html
